{
  "id": "",
  "name": "",
  "font_family": "iconfont",
  "css_prefix_text": "icon-",
  "description": "",
  "glyphs": [
    {
      "icon_id": "7629041",
      "name": "电影",
      "font_class": "dianying",
      "unicode": "e6af",
      "unicode_decimal": 59055
    },
    {
      "icon_id": "7987834",
      "name": "目录",
      "font_class": "mulu-",
      "unicode": "e606",
      "unicode_decimal": 58886
    },
    {
      "icon_id": "8288837",
      "name": "放大镜",
      "font_class": "fangdajing",
      "unicode": "e848",
      "unicode_decimal": 59464
    },
    {
      "icon_id": "9120574",
      "name": "我 的",
      "font_class": "wode",
      "unicode": "e502",
      "unicode_decimal": 58626
    },
    {
      "icon_id": "11805863",
      "name": "小视频",
      "font_class": "xiaoshipin",
      "unicode": "e6d5",
      "unicode_decimal": 59093
    },
    {
      "icon_id": "12858819",
      "name": "演出",
      "font_class": "yanchu",
      "unicode": "e67f",
      "unicode_decimal": 59007
    },
    {
      "icon_id": "15682555",
      "name": "视频",
      "font_class": "shipin",
      "unicode": "e608",
      "unicode_decimal": 58888
    }
  ]
}
